population,income,homeval,rentval,district,statefull,abbr,label,gopvi,sqrmiles,density,white
692413,43358,177530,773,1,Alabama,AL,AL-1,15,6066.83,114,0.6767203966418885
684211,41844,174613,700,2,Alabama,AL,AL-2,17,10141.63,67,0.6557026998981308
692489,41134,184916,670,3,Alabama,AL,AL-3,16,7543.86,91,0.7048415209483472
682010,38420,192212,582,4,Alabama,AL,AL-4,28,8888.77,76,0.8835984809606897
696030,49923,190907,664,5,Alabama,AL,AL-5,17,3677.31,189,0.7695357958708676
688916,57778,195557,875,6,Alabama,AL,AL-6,28,4170.78,165,0.8027190542823799
681555,31684,151545,679,7,Alabama,AL,AL-7,-20,10156.13,67,0.3390364680766776
729603,70477,158059,1113,1,Alaska,AK,AK-1,12,570640.95,1,0.6654303778904418
720383,46108,168169,866,1,Arizona,AZ,AZ-1,4,55039.61,13,0.6508870975578269
720236,46115,178805,803,2,Arizona,AZ,AZ-2,3,7838.12,91,0.8067161319345326
719827,39811,140122,819,3,Arizona,AZ,AZ-3,-8,15688.79,45,0.7378314511681279
723279,43174,199053,871,4,Arizona,AZ,AZ-4,20,33199.45,21,0.8753537708131993
738002,63873,187824,1088,5,Arizona,AZ,AZ-5,17,293.47,2514,0.8524041940265744
733405,61081,189034,988,6,Arizona,AZ,AZ-6,12,625.07,1173,0.8624661680790286
734911,32486,100261,777,7,Arizona,AZ,AZ-7,-16,205.12,3582,0.6805545161250818
726340,56596,194278,1073,8,Arizona,AZ,AZ-8,15,539.66,1345,0.8653949940799075
732473,49758,140218,880,9,Arizona,AZ,AZ-9,1,164.79,4444,0.7789679619590074
727971,36100,184978,600,1,Arkansas,AR,AR-1,14,19318.29,37,0.7869242043982522
746332,46601,188000,735,2,Arkansas,AR,AR-2,8,4978.12,149,0.7331616492392126
748947,43303,179506,679,3,Arkansas,AR,AR-3,19,5400.99,138,0.8544596613645559
725988,35810,196165,607,4,Arkansas,AR,AR-4,15,22338.08,32,0.7503264516768873
703566,44453,175126,896,1,California,CA,CA-1,10,28089.47,25,0.8638933660807941
708526,60902,168536,1219,2,California,CA,CA-2,-20,12952.23,54,0.8080409187524523
708773,54161,140146,1083,3,California,CA,CA-3,-3,6183.59,114,0.6529057963551095
706178,63207,190189,1148,4,California,CA,CA-4,10,12836.2,55,0.8548142253086333
714706,62118,152788,1243,5,California,CA,CA-5,-19,1730.82,412,0.6811360195660873
718545,45992,123634,958,6,California,CA,CA-6,-18,175.04,4105,0.5398172696212485
717509,62006,158930,1086,7,California,CA,CA-7,0,548.65,1307,0.6523513990765273
707601,45700,139921,983,8,California,CA,CA-8,10,32867.21,21,0.7292824628568925
719147,53453,132250,1010,9,California,CA,CA-9,-6,1245.28,577,0.5709472472248373
715054,51743,132144,1021,10,California,CA,CA-10,1,1818.79,393,0.7320146450477866
724286,72161,163584,1302,11,California,CA,CA-11,-17,493.61,1467,0.6434930400421933
718664,73940,104135,1473,12,California,CA,CA-12,-34,38.97,18441,0.5164777976912716
721249,58907,122287,1187,13,California,CA,CA-13,-37,96.79,7451,0.4646578366139849
726322,82382,144922,1629,14,California,CA,CA-14,-23,259.5,2798,0.5007076751082853
726058,87757,148199,1438,15,California,CA,CA-15,-16,599.45,1211,0.4908919122163794
716111,36488,96705,830,16,California,CA,CA-16,-7,2839.51,252,0.5667585053155167
723289,99535,132929,1704,17,California,CA,CA-17,-20,184.85,3912,0.34166702383141456
727953,102656,163687,1598,18,California,CA,CA-18,-18,696.12,1045,0.6794944179088485
719217,76518,127297,1429,19,California,CA,CA-19,-19,915.34,785,0.4894684080048163
718809,59612,112413,1265,20,California,CA,CA-20,-21,4874.22,147,0.7677352398203139
708384,37271,87282,776,21,California,CA,CA-21,-2,6729.94,105,0.6878839725346705
719148,51014,135289,933,22,California,CA,CA-22,10,1165.12,617,0.7316950057568122
716668,52974,142786,935,23,California,CA,CA-23,16,9898.0,72,0.7564841739829321
715038,60274,131794,1266,24,California,CA,CA-24,-4,6883.35,103,0.7689087852673564
718338,69888,148981,1352,25,California,CA,CA-25,3,1690.5,424,0.6462264282273804
710893,73948,142352,1455,26,California,CA,CA-26,-4,939.12,756,0.7747509118812536
710145,66942,132459,1281,27,California,CA,CA-27,-11,699.9,1014,0.4425462405565061
715093,52891,99738,1227,28,California,CA,CA-28,-20,218.45,3273,0.6856744507357784
699591,45227,82191,1124,29,California,CA,CA-29,-25,92.03,7601,0.6107983092978612
733740,68057,141648,1383,30,California,CA,CA-30,-14,135.94,5397,0.6701106659034536
724820,52429,117897,1093,31,California,CA,CA-31,-5,218.24,3321,0.6009285063877928
706556,57940,116842,1221,32,California,CA,CA-32,-12,124.23,5687,0.5154835568589043
710864,92261,146070,1744,33,California,CA,CA-33,-11,288.58,2463,0.7516571383555786
705019,33990,48032,973,34,California,CA,CA-34,-30,47.66,14792,0.36770498383731504
717977,53626,109833,1136,35,California,CA,CA-35,-15,168.88,4251,0.5789503006363713
719201,43739,163193,976,36,California,CA,CA-36,1,5912.64,121,0.6668956244499104
723385,48752,93252,1234,37,California,CA,CA-37,-34,55.26,13090,0.4018593141964514
716482,60880,123692,1238,38,California,CA,CA-38,-12,101.46,7061,0.5444575020726271
716590,77547,149106,1412,39,California,CA,CA-39,5,204.4,3505,0.5539862403885066
705789,38890,59745,1040,40,California,CA,CA-40,-29,57.69,12234,0.5481794133940879
724669,51855,113023,1145,41,California,CA,CA-41,-9,316.54,2289,0.5958858458137439
735611,70401,153049,1432,42,California,CA,CA-42,10,935.96,785,0.6947625851163183
708574,46555,99083,1124,43,California,CA,CA-43,-26,72.03,9837,0.37422061774775817
709907,44865,88557,1039,44,California,CA,CA-44,-32,79.36,8945,0.4596630262837245
728185,90408,167350,1757,45,California,CA,CA-45,7,330.39,2204,0.6501424775297486
715766,53152,76969,1314,46,California,CA,CA-46,-9,71.72,9980,0.5845346104732553
718815,56858,114354,1179,47,California,CA,CA-47,-8,216.21,3324,0.5504949117645013
718189,79094,152022,1625,48,California,CA,CA-48,7,145.47,4937,0.6810853410453237
711166,69082,149021,1498,49,California,CA,CA-49,4,553.08,1285,0.7724750620811456
724530,59303,146291,1205,50,California,CA,CA-50,14,2787.35,259,0.8055815494182436
726668,40686,84786,966,51,California,CA,CA-51,-16,4791.61,151,0.6412474472523904
711274,81752,145756,1579,52,California,CA,CA-52,-2,267.0,2663,0.6961494445178651
731722,60851,130155,1223,53,California,CA,CA-53,-10,135.43,5402,0.6611349665583377
754294,52776,166515,897,1,Colorado,CO,CO-1,-18,189.62,3977,0.7697038555258294
742337,66630,197092,1081,2,Colorado,CO,CO-2,-8,7535.34,98,0.9063228695323012
722813,47443,192658,845,3,Colorado,CO,CO-3,5,49731.77,14,0.8758558576007902
736505,62156,189084,905,4,Colorado,CO,CO-4,11,38102.67,19,0.8859695453527131
741804,55288,178028,917,5,Colorado,CO,CO-5,13,7265.72,102,0.8240128120096414
752009,65508,177657,1046,6,Colorado,CO,CO-6,-1,474.66,1584,0.7588140567466612
742314,58115,179774,973,7,Colorado,CO,CO-7,-5,342.11,2169,0.8740519510611412
717888,64312,183005,969,1,Connecticut,CT,CT-1,-13,675.45,1062,0.7188126838726933
713819,69782,192854,974,2,Connecticut,CT,CT-2,-5,1987.68,359,0.8738741893953509
715715,61654,173067,1086,3,Connecticut,CT,CT-3,-11,470.34,1521,0.7500918661757823
728906,83755,171046,1310,4,Connecticut,CT,CT-4,-5,460.73,1582,0.7345542497935262
715936,65272,183127,956,5,Connecticut,CT,CT-5,-3,1248.16,573,0.8066279667456309
916929,59399,240771,989,1,Delaware,DE,DE-1,-8,1948.54,470,0.6948640516332235
718569,49263,178587,935,1,Florida,FL,FL-1,21,4016.3,178,0.7757821447905491
706059,43286,162197,862,2,Florida,FL,FL-2,6,8613.58,81,0.694279089991063
702726,44168,174303,846,3,Florida,FL,FL-3,14,7306.05,96,0.7932679308862914
704855,54580,176077,997,4,Florida,FL,FL-4,19,1875.97,375,0.7802626072028999
714393,32887,130167,842,5,Florida,FL,FL-5,-21,1355.03,527,0.3861823954042103
715041,44433,201817,912,6,Florida,FL,FL-6,9,2506.92,285,0.8458955500453821
712946,52442,169689,1044,7,Florida,FL,FL-7,4,513.58,1388,0.8089687016969027
702424,46113,205715,862,8,Florida,FL,FL-8,9,1752.06,400,0.8395014976709224
732130,43998,142371,1021,9,Florida,FL,FL-9,-8,1707.49,428,0.7520604264270007
733108,49293,184377,988,10,Florida,FL,FL-10,6,1129.32,649,0.7613421214882391
706874,40187,228895,818,11,Florida,FL,FL-11,11,2509.88,281,0.8694052971250887
704266,49013,204074,947,12,Florida,FL,FL-12,7,883.75,796,0.8888161575313873
699803,44691,201969,916,13,Florida,FL,FL-13,1,186.03,3761,0.8679614119973764
731358,39727,139059,903,14,Florida,FL,FL-14,-13,265.4,2755,0.6354562334725264
712107,49716,165467,905,15,Florida,FL,FL-15,6,818.51,870,0.7697817884110113
714258,47987,218281,952,16,Florida,FL,FL-16,6,875.33,815,0.8790633076563371
708299,42278,201567,803,17,Florida,FL,FL-17,10,6369.97,111,0.8445628188095705
701546,50253,204174,1058,18,Florida,FL,FL-18,3,1512.55,463,0.8054881647105108
719346,49433,196551,950,19,Florida,FL,FL-19,12,750.37,958,0.860093751824574
730623,36937,135880,999,20,Florida,FL,FL-20,-29,2427.42,300,0.3938638668643062
724001,54655,207826,1234,21,Florida,FL,FL-21,-10,260.97,2774,0.7942088477778345
710861,53139,193338,1167,22,Florida,FL,FL-22,-3,172.88,4111,0.8146459012380761
726348,51707,170978,1203,23,Florida,FL,FL-23,-9,169.1,4295,0.7651401256697892
714608,36946,114680,987,24,Florida,FL,FL-24,-34,106.08,6736,0.3860969930367418
725733,47114,138318,1136,25,Florida,FL,FL-25,5,3232.71,224,0.8625761815984666
730196,50634,147051,1214,26,Florida,FL,FL-26,1,2098.66,347,0.8498184049214184
716553,41063,121729,1013,27,Florida,FL,FL-27,2,208.84,3431,0.871276793203015
712954,45074,157343,867,1,Georgia,GA,GA-1,9,7982.81,89,0.6394423763664977
696833,33333,141602,677,2,Georgia,GA,GA-2,-6,9626.23,72,0.4354831071433184
701967,51959,173114,855,3,Georgia,GA,GA-3,19,3838.27,182,0.7071415038028853
713474,48335,152788,919,4,Georgia,GA,GA-4,-21,496.6,1436,0.30581773126981504
718037,42282,126428,924,5,Georgia,GA,GA-5,-32,264.91,2710,0.33370703738108204
716040,76359,170192,1044,6,Georgia,GA,GA-6,14,298.76,2396,0.7095427629741355
713767,62620,156156,1008,7,Georgia,GA,GA-7,14,392.61,1818,0.5824477735731688
699934,39310,161207,708,8,Georgia,GA,GA-8,15,8711.64,80,0.6411533087405384
708866,43823,182342,746,9,Georgia,GA,GA-9,30,5210.81,136,0.8706596169092607
703566,46336,167547,758,10,Georgia,GA,GA-10,14,7096.22,99,0.6959276030962269
711409,60277,171337,945,11,Georgia,GA,GA-11,19,1071.25,664,0.7496770493485463
702920,40117,153633,698,12,Georgia,GA,GA-12,9,8185.27,85,0.5954930859841803
712229,49626,159594,904,13,Georgia,GA,GA-13,-16,714.95,996,0.3613837684227966
693997,43155,171787,688,14,Georgia,GA,GA-14,26,3623.16,191,0.8590555866956198
696072,70989,122826,1409,1,Hawaii,HI,HI-1,-18,209.22,3326,0.1813160132859819
694276,61796,131191,1351,2,Hawaii,HI,HI-2,-21,6213.4,111,0.32261521354619777
803330,47111,209336,748,1,Idaho,ID,ID-1,18,39418.02,20,0.9310059377839742
793892,44866,191720,698,2,Idaho,ID,ID-2,17,43225.09,18,0.9060224816473778
712618,47676,159055,886,1,Illinois,IL,IL-1,-28,258.38,2758,0.4073725333909612
708298,44316,162658,869,2,Illinois,IL,IL-2,-29,1080.67,655,0.3769006830458366
716709,60066,180979,904,3,Illinois,IL,IL-3,-5,237.18,3021,0.7712781617085874
718208,42069,98463,866,4,Illinois,IL,IL-4,-29,52.45,13693,0.6023032324897523
724545,66581,160669,1078,5,Illinois,IL,IL-5,-16,95.71,7570,0.813419456348467
721408,89382,207975,1130,6,Illinois,IL,IL-6,4,378.78,1904,0.8507501996096523
719753,47233,116977,1005,7,Illinois,IL,IL-7,-36,62.52,11512,0.3303841734595063
720402,63357,172773,1036,8,Illinois,IL,IL-8,-8,205.52,3505,0.6914597682960347
715178,62127,176616,974,9,Illinois,IL,IL-9,-15,105.35,6788,0.7314318952764207
712624,68318,177717,1025,10,Illinois,IL,IL-10,-8,299.78,2377,0.7640003704618424
716438,66806,174913,1044,11,Illinois,IL,IL-11,-8,280.95,2550,0.6639122994592693
708957,43900,190027,694,12,Illinois,IL,IL-12,0,5008.21,141,0.7906375139818069
715252,46780,184041,732,13,Illinois,IL,IL-13,0,5793.65,123,0.8226820756880092
721517,81374,203545,1038,14,Illinois,IL,IL-14,5,1597.6,451,0.8767194674553753
708115,46686,208503,609,15,Illinois,IL,IL-15,14,14695.67,48,0.928590695014228
706371,53768,197894,751,16,Illinois,IL,IL-16,4,7917.49,89,0.9092757205491164
708861,42629,192897,635,17,Illinois,IL,IL-17,-7,6933.08,102,0.8261492732707822
713516,58322,211052,677,18,Illinois,IL,IL-18,11,10515.95,67,0.9103804259470004
719585,51538,188016,792,1,Indiana,IN,IN-1,-10,1157.02,621,0.7014570898503999
719832,45073,193578,689,2,Indiana,IN,IN-2,6,3958.58,181,0.8649518220918214
726471,47661,201940,653,3,Indiana,IN,IN-3,13,4180.37,173,0.8809615249610789
731304,50652,193324,730,4,Indiana,IN,IN-4,11,6352.55,115,0.9097762353275792
734988,61047,203131,818,5,Indiana,IN,IN-5,9,1924.76,381,0.8487621566610611
721048,44994,196940,680,6,Indiana,IN,IN-6,12,6206.83,116,0.9344079728395336
736200,37867,148926,747,7,Indiana,IN,IN-7,-13,303.84,2422,0.602985601738658
721929,46160,199387,663,8,Indiana,IN,IN-8,8,7255.39,99,0.9248776541737485
730316,49426,193761,752,9,Indiana,IN,IN-9,9,4486.77,162,0.921958439908204
766577,52197,225194,643,1,Iowa,IA,IA-1,-5,12048.84,63,0.9211299060629264
769113,49843,215334,678,2,Iowa,IA,IA-2,-4,12261.92,62,0.9085036919152322
780488,56768,217463,755,3,Iowa,IA,IA-3,0,8789.62,88,0.8961239634690091
760341,47931,222619,608,4,Iowa,IA,IA-4,5,22756.75,33,0.9318700425203954
720915,45276,183114,652,1,Kansas,KS,KS-1,23,52542.5,13,0.8844815269483921
714295,47431,184895,705,2,Kansas,KS,KS-2,8,14143.34,50,0.8779327868737706
731209,64341,189203,876,3,Kansas,KS,KS-3,6,757.2,965,0.8167377589717851
716547,48808,182671,689,4,Kansas,KS,KS-4,14,14315.68,50,0.8373923831932867
724590,38025,197332,570,1,Kentucky,KY,KY-1,18,12079.5,59,0.8976359044425123
734009,44716,194260,640,2,Kentucky,KY,KY-2,16,7177.44,102,0.8984440245283096
732544,46049,182972,723,3,Kentucky,KY,KY-3,-4,319.34,2293,0.7276382033024638
733183,54255,195298,718,4,Kentucky,KY,KY-4,16,4382.19,167,0.9237189078306508
717238,30674,198818,537,5,Kentucky,KY,KY-5,25,11235.15,63,0.9683438412354058
739071,45022,178264,697,6,Kentucky,KY,KY-6,9,4292.72,172,0.8527638075367591
769630,53066,201208,897,1,Louisiana,LA,LA-1,26,4030.23,190,0.8031027896521705
772514,35423,159583,834,2,Louisiana,LA,LA-2,-23,1268.48,609,0.3136176172859003
764129,44650,200324,692,3,Louisiana,LA,LA-3,19,6983.32,109,0.7072627789286887
762185,41375,188638,692,4,Louisiana,LA,LA-4,13,12435.1,61,0.6130886858177477
758015,34911,180480,614,5,Louisiana,LA,LA-5,15,14452.88,52,0.6200339043422624
774460,56126,206087,843,6,Louisiana,LA,LA-6,21,4033.89,191,0.7157774449293701
668113,53117,194974,856,1,Maine,ME,ME-1,-9,3285.52,203,0.9463668571035141
660104,41965,196504,683,2,Maine,ME,ME-2,-2,27557.4,23,0.9547147116211991
724648,67161,204886,978,1,Maryland,MD,MD-1,14,3977.06,182,0.8300636998929135
735103,60429,170782,1104,2,Maryland,MD,MD-2,-10,348.88,2107,0.5698221881831526
731332,76241,180926,1270,3,Maryland,MD,MD-3,-9,304.14,2404,0.6514360099106835
737812,72990,163229,1235,4,Maryland,MD,MD-4,-26,297.81,2477,0.3201371080979979
738847,89631,191536,1398,5,Maryland,MD,MD-5,-14,1481.24,498,0.5307255764725308
741402,72021,184591,1205,6,Maryland,MD,MD-6,-4,1950.26,380,0.6925487117650074
725387,53336,151561,997,7,Maryland,MD,MD-7,-24,488.03,1486,0.3562002076133154
750109,94476,187377,1509,8,Maryland,MD,MD-8,-11,859.85,872,0.6894771293238716
729781,51358,185364,788,1,Massachusetts,MA,MA-1,-13,2350.29,310,0.8319632876164219
736220,61566,173166,917,2,Massachusetts,MA,MA-2,-8,1628.0,452,0.8551601423487545
739063,66579,173860,991,3,Massachusetts,MA,MA-3,-6,757.86,975,0.7684906428815946
737702,84056,191811,1109,4,Massachusetts,MA,MA-4,-6,668.27,1103,0.8828185364822109
742861,80814,171872,1325,5,Massachusetts,MA,MA-5,-14,265.08,2802,0.7934728031219838
742624,77279,193007,1117,6,Massachusetts,MA,MA-6,-4,526.79,1409,0.8661179816434696
745297,50983,93469,1246,7,Massachusetts,MA,MA-7,-31,62.67,11892,0.5122588712956043
744449,73465,178801,1243,8,Massachusetts,MA,MA-8,-6,326.37,2280,0.7872762271156251
730141,60399,206881,882,9,Massachusetts,MA,MA-9,-5,1214.74,601,0.9048553635530672
705172,42299,227138,636,1,Michigan,MI,MI-1,5,25027.75,28,0.9252664598140596
711835,47729,194743,712,2,Michigan,MI,MI-2,7,3281.19,216,0.865718881482366
714507,50381,192935,735,3,Michigan,MI,MI-3,4,2628.74,271,0.8478447377002605
703410,43262,208197,679,4,Michigan,MI,MI-4,5,8457.8,83,0.9398117740720204
695505,40286,198113,680,5,Michigan,MI,MI-5,-10,2348.7,296,0.776878670893811
708717,45848,195931,685,6,Michigan,MI,MI-6,1,3546.74,199,0.8520467266906254
703242,50727,204207,742,7,Michigan,MI,MI-7,3,4227.73,166,0.9169503527946284
713390,61476,193964,814,8,Michigan,MI,MI-8,2,1503.18,474,0.8660017662148334
712724,50314,208769,818,9,Michigan,MI,MI-9,-6,183.59,3882,0.8149409869739198
704740,54864,212509,783,10,Michigan,MI,MI-10,6,4140.44,170,0.9305006101540994
711982,72072,207228,927,11,Michigan,MI,MI-11,4,419.26,1698,0.8339859715554607
706046,50651,173086,864,12,Michigan,MI,MI-12,-15,403.21,1751,0.7963263016857258
692167,30694,144827,749,13,Michigan,MI,MI-13,-34,184.85,3744,0.3788045370553638
700805,40365,153172,852,14,Michigan,MI,MI-14,-29,185.73,3773,0.34153295139161394
667108,54130,193711,680,1,Minnesota,MN,MN-1,1,11973.99,55,0.9221085641305456
675357,72975,195572,915,2,Minnesota,MN,MN-2,2,2437.91,277,0.8665639062007205
681063,76753,197578,1022,3,Minnesota,MN,MN-3,2,527.05,1292,0.8232836022511868
679186,61118,168295,862,4,Minnesota,MN,MN-4,-11,332.49,2042,0.7371971742644872
680525,52282,155432,859,5,Minnesota,MN,MN-5,-22,135.66,5016,0.6955600455530656
675512,70006,193539,853,6,Minnesota,MN,MN-6,10,2882.22,234,0.9213648314167624
662229,49832,202647,615,7,Minnesota,MN,MN-7,6,33429.31,19,0.9246605026357952
661396,48587,208851,672,8,Minnesota,MN,MN-8,-1,27908.13,23,0.934750134563862
749704,40643,197558,678,1,Mississippi,MS,MS-1,16,10572.8,70,0.6996681356908859
733729,31092,160486,629,2,Mississippi,MS,MS-2,-13,15551.51,47,0.328175661586226
747670,40736,198895,717,3,Mississippi,MS,MS-3,14,12754.48,58,0.615183169045167
754078,40691,187762,766,4,Mississippi,MS,MS-4,21,8044.48,93,0.7248149395685858
743002,39346,166699,771,1,Missouri,MO,MO-1,-28,225.36,3296,0.4438184554011968
757748,72999,232369,901,2,Missouri,MO,MO-2,8,465.76,1626,0.8967638317752076
758554,53616,220037,712,3,Missouri,MO,MO-3,13,6851.54,110,0.9330779351239332
755505,43778,194141,714,4,Missouri,MO,MO-4,13,14401.38,52,0.8982879001462598
753557,43745,180104,774,5,Missouri,MO,MO-5,-9,2424.85,310,0.6911102942444964
752997,51353,201998,706,6,Missouri,MO,MO-6,12,18198.62,41,0.9099292560262524
756384,40942,194208,666,7,Missouri,MO,MO-7,19,6272.84,120,0.9246930130727249
748508,37183,202458,574,8,Missouri,MO,MO-8,17,19901.17,37,0.9246260561009368
1006086,45951,272702,683,1,Montana,MT,MT-1,7,145545.8,6,0.8921245301097521
620380,52337,159082,701,1,Nebraska,NE,NE-1,10,8879.02,69,0.9029627002804732
626491,55640,152533,788,2,Nebraska,NE,NE-2,4,509.74,1229,0.8065798231738365
608338,46933,172585,605,3,Nebraska,NE,NE-3,23,67435.41,9,0.9408404538266556
666665,37860,100237,839,1,Nevada,NV,NV-1,-14,104.5,6379,0.6188385470963678
684685,52506,156341,886,2,Nevada,NV,NV-2,5,55829.71,12,0.827712013553678
710840,61836,154716,1170,3,Nevada,NV,NV-3,0,2848.99,249,0.7089752968319172
691958,51567,138241,1016,4,Nevada,NV,NV-4,-4,50997.97,13,0.6370661225103258
660887,65116,181821,1009,1,New Hampshire,NH,NH-1,1,2463.65,268,0.9386506316510992
660163,64209,185296,946,2,New Hampshire,NH,NH-2,-3,6489.0,101,0.9383364411516548
733235,62669,187025,979,1,New Jersey,NJ,NJ-1,-13,350.02,2094,0.6873253458986546
733779,57154,191491,1028,2,New Jersey,NJ,NJ-2,-1,2092.43,350,0.7423897385997691
738478,71875,225982,1229,3,New Jersey,NJ,NJ-3,1,899.7,820,0.8118671104623293
734432,74144,204440,1228,4,New Jersey,NJ,NJ-4,7,691.88,1061,0.8521156485556185
736245,90025,199917,1265,5,New Jersey,NJ,NJ-5,4,991.3,742,0.7874960101596615
738730,74151,158777,1243,6,New Jersey,NJ,NJ-6,-8,215.55,3427,0.6600760765096856
738426,100056,205224,1318,7,New Jersey,NJ,NJ-7,6,970.19,761,0.8055607467776054
756575,52803,78138,1142,8,New Jersey,NJ,NJ-8,-24,54.69,13833,0.5606833426957011
744305,59752,126618,1208,9,New Jersey,NJ,NJ-9,-14,95.34,7806,0.6290445449110244
729719,45478,104034,1039,10,New Jersey,NJ,NJ-10,-34,75.92,9611,0.29981951956849145
740274,98315,206558,1368,11,New Jersey,NJ,NJ-11,6,504.97,1465,0.8353731186020311
743711,77585,174890,1200,12,New Jersey,NJ,NJ-12,-14,412.23,1804,0.5772645557212411
695527,46601,171687,779,1,New Mexico,NM,NM-1,-7,4600.14,151,0.7165401199378313
698308,39541,169496,682,2,New Mexico,NM,NM-2,5,71739.49,9,0.8116876793621153
688415,45593,176348,812,3,New Mexico,NM,NM-3,-8,44958.52,15,0.6575960721367199
721952,86217,198540,1547,1,New York,NY,NY-1,2,650.02,1110,0.8812815810469394
721509,86213,180725,1446,2,New York,NY,NY-2,1,182.01,3964,0.7558450414339946
722406,100098,200403,1632,3,New York,NY,NY-3,0,254.92,2833,0.7693250056062657
717348,90822,180015,1437,4,New York,NY,NY-4,-3,110.85,6471,0.6792003323352125
758430,59103,123442,1212,5,New York,NY,NY-5,-35,51.88,14618,0.18331421489128855
719242,56703,122545,1344,6,New York,NY,NY-6,-13,29.78,24151,0.4890454116973147
747740,43445,52986,1162,7,New York,NY,NY-7,-34,16.16,46271,0.4865688608339797
724024,43075,89259,1074,8,New York,NY,NY-8,-35,29.66,24410,0.28865341480392914
734048,46645,78808,1148,9,New York,NY,NY-9,-32,15.54,47236,0.3327302846680326
721942,75223,88332,1639,10,New York,NY,NY-10,-23,14.25,50662,0.7139257724304723
729585,63706,148496,1180,11,New York,NY,NY-11,2,65.83,11082,0.727693140621038
715554,86583,97145,1798,12,New York,NY,NY-12,-27,14.79,48380,0.7520382808285608
750812,34649,26571,1038,13,New York,NY,NY-13,-42,10.25,73249,0.26027021411485163
720579,49481,73062,1295,14,New York,NY,NY-14,-26,28.29,25471,0.467920935803014
735322,24612,21207,952,15,New York,NY,NY-15,-43,14.54,50572,0.15487772703659078
731103,61864,129436,1202,16,New York,NY,NY-16,-21,78.37,9328,0.4815135487065434
730465,87135,162472,1395,17,New York,NY,NY-17,-5,382.63,1909,0.6985591369880829
719331,75236,174537,1148,18,New York,NY,NY-18,0,1353.42,531,0.7821308966247805
714225,56611,199225,880,19,New York,NY,NY-19,-1,7937.02,89,0.8992180335328503
720872,59248,175048,875,20,New York,NY,NY-20,-7,1231.28,585,0.8155900076573928
720207,49966,194393,789,21,New York,NY,NY-21,0,15114.76,47,0.9222848431076066
715730,47200,191038,674,22,New York,NY,NY-22,3,5077.45,140,0.9042739580568092
715111,46015,195998,675,23,New York,NY,NY-23,3,7371.65,97,0.9166744743123796
714256,52243,190205,737,24,New York,NY,NY-24,-5,2388.56,299,0.8522266526287493
721731,51226,182246,810,25,New York,NY,NY-25,-7,510.19,1414,0.7520128690606334
715879,43140,179650,705,26,New York,NY,NY-26,-12,219.13,3266,0.7308846886135786
717257,57982,216601,715,27,New York,NY,NY-27,8,3973.13,180,0.9364621049358876
729775,33023,150149,709,1,North Carolina,NC,NC-1,-19,5494.28,132,0.3953574731937926
762421,50817,187515,807,2,North Carolina,NC,NC-2,10,3246.68,234,0.7304966678514889
751070,45148,178488,835,3,North Carolina,NC,NC-3,11,7810.08,96,0.7465562464217717
760235,48947,153283,866,4,North Carolina,NC,NC-4,-20,1045.35,727,0.5513729307385217
739563,42662,201454,693,5,North Carolina,NC,NC-5,11,3571.86,207,0.8142714008137237
750726,48309,215309,715,6,North Carolina,NC,NC-6,10,3674.55,204,0.7748725899995471
752665,45594,201605,756,7,North Carolina,NC,NC-7,12,6161.77,122,0.7415663010768403
743193,40444,185511,672,8,North Carolina,NC,NC-8,11,4512.78,164,0.684456123779422
766831,70150,208946,969,9,North Carolina,NC,NC-9,8,856.93,894,0.7856424688099464
738516,42466,196836,704,10,North Carolina,NC,NC-10,11,2575.16,286,0.8230370093538935
735480,39501,213920,659,11,North Carolina,NC,NC-11,13,6838.24,107,0.9071749061837168
759136,35657,129645,766,12,North Carolina,NC,NC-12,-26,549.66,1381,0.3721941786451967
759655,62691,211242,874,13,North Carolina,NC,NC-13,8,2280.59,333,0.7460742047376769
703203,54920,189954,664,1,North Dakota,ND,ND-1,10,69000.8,10,0.8936409543190231
727426,50840,171418,694,1,Ohio,OH,OH-1,6,686.96,1058,0.7248586110477216
720413,50128,195258,707,2,Ohio,OH,OH-2,8,3221.62,223,0.8764028411480637
733312,40039,132608,767,3,Ohio,OH,OH-3,-17,228.0,3216,0.5767858701344039
715770,46843,193727,661,4,Ohio,OH,OH-4,9,4664.87,153,0.9071461502996772
724116,50774,208091,672,5,Ohio,OH,OH-5,7,5626.47,128,0.9230399549243492
714160,42162,207975,585,6,Ohio,OH,OH-6,8,7215.03,98,0.9536728464209699
722682,48457,202482,662,7,Ohio,OH,OH-7,6,3864.76,186,0.9316905637611009
723551,50426,191808,724,8,Ohio,OH,OH-8,15,2450.49,295,0.8936398401771264
715939,39544,178479,660,9,Ohio,OH,OH-9,-15,464.65,1540,0.7610843940615052
724109,45313,182723,733,10,Ohio,OH,OH-10,3,1129.76,640,0.7741141181783405
704662,32963,151714,687,11,Ohio,OH,OH-11,-30,244.46,2882,0.40319756138403945
737402,62771,202511,810,12,Ohio,OH,OH-12,8,2271.91,324,0.8897155147395858
721145,40827,191791,661,13,Ohio,OH,OH-13,-11,894.3,806,0.8389020238648259
718754,59043,215753,805,14,Ohio,OH,OH-14,4,1953.14,367,0.9174877635463594
732459,54676,188566,796,15,Ohio,OH,OH-15,6,4738.93,154,0.9130517885642746
721968,59778,213049,778,16,Ohio,OH,OH-16,6,1205.34,598,0.9383850807792036
766928,48846,190171,746,1,Oklahoma,OK,OK-1,18,1631.67,470,0.7294700415162831
747975,38072,203713,598,2,Oklahoma,OK,OK-2,20,20995.35,35,0.6751295163608411
760974,46575,197502,647,3,Oklahoma,OK,OK-3,26,34116.73,22,0.8004780715241256
769283,49341,190509,744,4,Oklahoma,OK,OK-4,19,9777.28,78,0.7728976202515849
772136,43964,176819,736,5,Oklahoma,OK,OK-5,12,2073.9,372,0.6933908016204399
786911,61643,182694,971,1,Oregon,OR,OR-1,-7,3007.0,261,0.8074140531775512
773472,42658,193539,796,2,Oregon,OR,OR-2,10,69442.78,11,0.9045033304373008
787831,52220,174978,917,3,Oregon,OR,OR-3,-22,1074.46,733,0.7960438215810244
771311,41651,191313,812,4,Oregon,OR,OR-4,-2,17274.04,44,0.8993259528257732
779741,52258,183798,869,5,Oregon,OR,OR-5,0,5189.73,150,0.8563112623294145
704351,38789,142275,910,1,Pennsylvania,PA,PA-1,-28,77.91,9040,0.4715447269898105
718235,35300,135882,891,2,Pennsylvania,PA,PA-2,-38,74.14,9687,0.3151043878396347
703321,46195,202191,640,3,Pennsylvania,PA,PA-3,8,3850.8,182,0.9216090519122848
710769,56264,196642,823,4,Pennsylvania,PA,PA-4,9,1517.84,468,0.8551540655262118
704890,45222,196250,672,5,Pennsylvania,PA,PA-5,8,10711.21,65,0.942098767183532
720817,72491,203233,1052,6,Pennsylvania,PA,PA-6,2,860.47,837,0.878616902764502
710660,77914,200963,1079,7,Pennsylvania,PA,PA-7,2,862.56,823,0.8822221596825486
707648,75305,200553,1101,8,Pennsylvania,PA,PA-8,1,706.93,1001,0.890469555485213
705006,44621,203260,639,9,Pennsylvania,PA,PA-9,14,5730.09,123,0.9457465610221756
709274,48731,203205,710,10,Pennsylvania,PA,PA-10,12,8378.06,84,0.9353578447821294
703412,50502,198890,736,11,Pennsylvania,PA,PA-11,6,3356.48,209,0.8954638248992056
703325,54597,221863,674,12,Pennsylvania,PA,PA-12,9,2163.03,325,0.9338271780471332
717729,55533,171145,976,13,Pennsylvania,PA,PA-13,-13,155.18,4625,0.6588001878146208
706047,40622,172914,716,14,Pennsylvania,PA,PA-14,-15,209.29,3373,0.7227493353841883
715255,56710,190644,886,15,Pennsylvania,PA,PA-15,2,1285.03,556,0.8537430706531237
710118,52450,172942,862,16,Pennsylvania,PA,PA-16,4,997.68,711,0.8300071255763126
701112,47403,187701,725,17,Pennsylvania,PA,PA-17,-4,1733.22,404,0.8837261379066398
707890,58364,219504,732,18,Pennsylvania,PA,PA-18,10,2072.79,341,0.9388040514769244
527461,51564,113928,877,1,Rhode Island,RI,RI-1,-15,268.49,1964,0.7784063655891147
523261,60624,133298,944,2,Rhode Island,RI,RI-2,-8,765.32,683,0.8462392572731391
693096,57303,182362,1006,1,South Carolina,SC,SC-1,11,1547.86,447,0.7439113773560949
672944,52205,187228,812,2,South Carolina,SC,SC-2,16,3022.17,222,0.7065179271975083
664638,40362,179913,662,3,South Carolina,SC,SC-3,18,5268.28,126,0.7736196245174065
677291,45835,169016,730,4,South Carolina,SC,SC-4,15,1299.3,521,0.7479798196048671
672257,43352,180252,704,5,South Carolina,SC,SC-5,9,5505.54,122,0.6840776667256718
672033,33079,145468,750,6,South Carolina,SC,SC-6,-21,8062.93,83,0.3815690598527156
671664,38107,178002,715,7,South Carolina,SC,SC-7,7,5354.62,125,0.6601142833321423
834236,49332,220794,644,1,South Dakota,SD,SD-1,10,75811.0,11,0.8533940036152842
708481,37834,205010,618,1,Tennessee,TN,TN-1,25,4141.92,171,0.9422779157098072
716280,45526,194690,755,2,Tennessee,TN,TN-2,20,2320.68,308,0.893147930976713
715497,41081,193984,688,3,Tennessee,TN,TN-3,16,4570.32,156,0.8541936583940953
721027,45301,187173,710,4,Tennessee,TN,TN-4,18,5984.84,120,0.8646375239762173
726782,45938,160484,833,5,Tennessee,TN,TN-5,-5,1248.57,582,0.6515530103937632
719260,44306,200695,693,6,Tennessee,TN,TN-6,21,6474.21,111,0.920607290826683
722803,49197,190012,749,7,Tennessee,TN,TN-7,18,9160.44,78,0.8462388783665812
706539,51352,190569,684,8,Tennessee,TN,TN-8,19,6850.53,103,0.7628213021503413
713085,36691,132759,820,9,Tennessee,TN,TN-9,-25,483.39,1475,0.2804686678306233
707759,43231,171246,743,1,Texas,TX,TX-1,24,7858.86,90,0.7711085270551133
730716,70444,161186,984,2,Texas,TX,TX-2,16,308.75,2366,0.7163781824949775
744450,83221,172603,1072,3,Texas,TX,TX-3,17,480.88,1548,0.7285056081671032
708532,46908,183523,729,4,Texas,TX,TX-4,25,10122.99,69,0.8173900402522398
718316,44318,157311,789,5,Texas,TX,TX-5,17,5043.85,142,0.7521522561101243
727566,58915,169037,883,6,Texas,TX,TX-6,11,2148.41,338,0.6949898703347875
728070,66523,147174,993,7,Texas,TX,TX-7,13,161.94,4495,0.6719848366228522
742426,60251,179358,914,8,Texas,TX,TX-8,29,6053.76,122,0.8319307244088974
719126,41470,117968,816,9,Texas,TX,TX-9,-25,165.64,4341,0.3836504312178951
726353,62289,174848,933,10,Texas,TX,TX-10,11,5070.95,143,0.7671325099503961
718152,48543,179673,774,11,Texas,TX,TX-11,31,27832.17,25,0.8740740121868351
723781,58596,166625,885,12,Texas,TX,TX-12,19,1441.16,502,0.8161115033414804
700518,46860,174973,702,13,Texas,TX,TX-13,32,38349.24,18,0.8634524737408603
709301,52412,171941,799,14,Texas,TX,TX-14,12,2441.39,290,0.7178278333175901
724868,39266,142655,671,15,Texas,TX,TX-15,-5,7804.07,92,0.8970957470877456
720643,42048,138047,746,16,Texas,TX,TX-16,-12,710.35,1014,0.823986356628733
717600,45024,146648,842,17,Texas,TX,TX-17,13,7651.16,93,0.7528706800445931
727976,39432,119981,795,18,Texas,TX,TX-18,-24,235.2,3095,0.46212512500412106
710487,43821,158231,733,19,Texas,TX,TX-19,26,25835.59,27,0.8300897834865381
730585,45169,136485,817,20,Texas,TX,TX-20,-6,199.68,3658,0.7814367938022271
733852,59997,172801,961,21,Texas,TX,TX-21,12,5920.89,123,0.8691834320816731
753155,85106,182359,1038,22,Texas,TX,TX-22,15,1032.84,729,0.6307201040954385
717171,47996,160007,738,23,Texas,TX,TX-23,3,58059.18,12,0.8420376730235886
730210,62600,143843,924,24,Texas,TX,TX-24,13,262.76,2778,0.6777502362334124
726962,59597,173329,933,25,Texas,TX,TX-25,12,7620.7,95,0.8447745549285932
745740,78457,177084,1006,26,Texas,TX,TX-26,20,907.15,822,0.8093544667042133
707737,48082,161303,799,27,Texas,TX,TX-27,13,9128.25,77,0.8444224337571725
724133,42748,145345,756,28,Texas,TX,TX-28,-7,9378.53,77,0.8726421803729425
716620,36813,108005,739,29,Texas,TX,TX-29,-12,187.07,3830,0.7098183137506628
723640,41496,131597,859,30,Texas,TX,TX-30,-27,356.27,2031,0.4341675418716489
742564,61563,160073,937,31,Texas,TX,TX-31,12,2154.49,344,0.7706770056183709
721770,62062,156312,950,32,Texas,TX,TX-32,10,185.66,3887,0.6326405918782991
709378,34395,104473,741,33,Texas,TX,TX-33,-18,211.94,3347,0.6519331019569257
712561,34347,140587,639,34,Texas,TX,TX-34,-8,8190.32,87,0.9015859694819109
736986,39450,124566,836,35,Texas,TX,TX-35,-11,593.77,1241,0.7092224275630745
710267,53344,181686,808,36,Texas,TX,TX-36,25,7125.83,99,0.800769288169097
709157,59082,165183,799,1,Utah,UT,UT-1,27,19560.79,36,0.8929066483162402
709305,52766,155550,815,2,Utah,UT,UT-2,18,39987.95,17,0.8615052762915812
712146,62195,144108,883,3,Utah,UT,UT-3,28,20070.54,35,0.9085257798260468
726231,60377,154348,951,4,Utah,UT,UT-4,16,2550.35,284,0.8552154892864667
626303,53853,182581,871,1,Vermont,VT,VT-1,-16,9216.66,67,0.950843281925841
751432,76044,192742,1214,1,Virginia,VA,VA-1,6,3684.32,203,0.734682579395075
726166,59963,166412,1125,2,Virginia,VA,VA-2,2,991.68,732,0.6740869167655881
745074,40424,137437,891,3,Virginia,VA,VA-3,-27,947.1,786,0.3550103748084083
738953,60792,185162,1004,4,Virginia,VA,VA-4,4,4310.34,171,0.6175020603475457
728231,47800,202886,773,5,Virginia,VA,VA-5,5,10029.79,72,0.7504720342858241
735731,47086,192707,759,6,Virginia,VA,VA-6,12,5930.02,124,0.8418375737871586
745462,70048,203231,1065,7,Virginia,VA,VA-7,10,2776.39,268,0.7667607470266761
760961,95687,155422,1641,8,Virginia,VA,VA-8,-16,149.24,5098,0.6366081835994223
723948,38372,205292,626,9,Virginia,VA,VA-9,15,9113.87,79,0.9143170503958848
765146,110981,196324,1447,10,Virginia,VA,VA-10,2,1372.24,557,0.7356831245278679
763195,101433,170445,1677,11,Virginia,VA,VA-11,-10,185.09,4123,0.6062461101029226
696870,79316,184858,1232,1,Washington,WA,WA-1,-4,6186.47,112,0.8181913412831662
685639,56810,158990,1027,2,Washington,WA,WA-2,-8,1015.02,675,0.8047952348101552
685541,52324,168910,883,3,Washington,WA,WA-3,2,9114.01,75,0.8719755638247749
692926,49002,150227,750,4,Washington,WA,WA-4,13,19250.22,35,0.7425381642484191
679793,46356,169497,743,5,Washington,WA,WA-5,7,15473.13,43,0.8900547666716192
682733,53880,177137,927,6,Washington,WA,WA-6,-5,6902.73,98,0.8173824906661902
694877,66518,156711,1113,7,Washington,WA,WA-7,-29,144.13,4821,0.761913259468942
690317,70526,180432,1049,8,Washington,WA,WA-8,1,7359.7,93,0.8042928104044953
697816,62487,142188,1091,9,Washington,WA,WA-9,-17,183.43,3804,0.5611722861040733
689559,56368,154204,989,10,Washington,WA,WA-10,-5,826.67,834,0.7547867550129865
618410,40662,173081,601,1,West Virginia,WV,WV-1,14,6275.56,98,0.949265050694523
624214,44750,181570,677,2,West Virginia,WV,WV-2,11,8017.31,77,0.9224737029288032
612768,36754,181231,584,3,West Virginia,WV,WV-3,14,9745.33,62,0.9381364562118126
713079,57790,192673,830,1,Wisconsin,WI,WI-1,3,1727.92,412,0.8853451020153448
728000,57143,185951,857,2,Wisconsin,WI,WI-2,-17,4536.69,160,0.8744945054945055
712595,48288,195426,688,3,Wisconsin,WI,WI-3,-5,11111.79,64,0.9424469719826829
715738,37671,127614,770,4,Wisconsin,WI,WI-4,-23,128.35,5576,0.533899275992053
714788,62633,202039,844,5,Wisconsin,WI,WI-5,13,1890.75,378,0.9279912365624492
710274,52617,204030,679,6,Wisconsin,WI,WI-6,5,4918.39,144,0.9337185367900276
712153,47416,221133,660,7,Wisconsin,WI,WI-7,2,23037.26,30,0.9388305602869046
718725,53118,208337,683,8,Wisconsin,WI,WI-8,2,6806.67,105,0.910356534140318
575535,57197,154985,769,1,Wyoming,WY,WY-1,22,97093.14,5,0.9079708445185783
